<?xml version="1.0" encoding="UTF-8" standalone="yes" ?>
<cp:coreProperties xmlns:cp="http://schemas.openxmlformats.org/package/2006/metadata/core-properties" xmlns:dc="http://purl.org/dc/elements/1.1/" xmlns:dcmitype="http://purl.org/dc/dcmitype/" xmlns:dcterms="http://purl.org/dc/terms/" xmlns:xsi="http://www.w3.org/2001/XMLSchema-instance">
  <cp:category>model</cp:category>
  <dcterms:created xsi:type="dcterms:W3CDTF">2013-12-17T16:03:54Z</dcterms:created>
  <dc:creator>mlawson</dc:creator>
  <cp:lastModifiedBy>OLUWATOBI BELLO</cp:lastModifiedBy>
  <dcterms:modified xsi:type="dcterms:W3CDTF">2022-03-16T19:21:06Z</dcterms:modified>
  <cp:revision>6.0</cp:revision>
  <cp:version>R2025b</cp:version>
</cp:coreProperties>
