<?xml version="1.0" encoding="utf-8"?>
<System>
  <P Name="Location">[427, 87, 2226, 1076]</P>
  <P Name="ZoomFactor">140</P>
  <P Name="ReportName">simulink-default.rpt</P>
  <P Name="SIDHighWatermark">827</P>
  <Block BlockType="Reference" Name="Float" SID="824">
    <PortCounts rconn="1"/>
    <P Name="Position">[135, 315, 315, 385]</P>
    <P Name="ZOrder">461</P>
    <P Name="ForegroundColor">red</P>
    <P Name="BackgroundColor">yellow</P>
    <P Name="AttributesFormatString">%&lt;body&gt;</P>
    <P Name="LibraryVersion">1.0</P>
    <P Name="SourceBlock">WECSim_Lib_Body_Elements/Rigid Body</P>
    <P Name="SourceType">Rigid Body</P>
    <InstanceData>
      <P Name="RTWMemSecFuncInitTerm">Inherit from model</P>
      <P Name="RTWMemSecFuncExecute">Inherit from model</P>
      <P Name="RTWMemSecDataConstants">Inherit from model</P>
      <P Name="RTWMemSecDataInternal">Inherit from model</P>
      <P Name="RTWMemSecDataParameters">Inherit from model</P>
      <P Name="ContentPreviewEnabled">off</P>
      <P Name="body">body(1)</P>
      <P Name="h5File">hydroData/*.h5</P>
      <P Name="geometryFile">geometry/*.stl</P>
      <P Name="mass">0</P>
      <P Name="inertia">0 0 0</P>
      <P Name="nonHydro">0</P>
      <P Name="nonlinearHydro">0</P>
      <P Name="centerGravity">0 0 0</P>
      <P Name="centerBuoyancy">0 0 0</P>
      <P Name="dof">6</P>
      <P Name="volume">0</P>
      <P Name="displacement">0 0 0</P>
      <P Name="axis">0 1 0</P>
      <P Name="angle">0</P>
      <P Name="option">0</P>
      <P Name="cd">0 0 0</P>
      <P Name="ca">0 0 0</P>
      <P Name="area">0 0 0</P>
      <P Name="VME">0</P>
      <P Name="rgME">0 0 0</P>
      <P Name="z">0 0 1</P>
    </InstanceData>
  </Block>
  <Block BlockType="Reference" Name="Floating (3DOF)" SID="827">
    <PortCounts lconn="1" rconn="1"/>
    <P Name="Position">[215, 755, 235, 775]</P>
    <P Name="ZOrder">538</P>
    <P Name="BlockRotation">270</P>
    <P Name="BackgroundColor">gray</P>
    <P Name="NameLocation">right</P>
    <P Name="AttributesFormatString">%&lt;constraint&gt;</P>
    <P Name="LibraryVersion">1.0</P>
    <P Name="SourceBlock">WECSim_Lib_Constraints/Floating (3DOF)</P>
    <P Name="SourceType">Constraints</P>
    <P Name="SourceProductName">WEC-Sim</P>
    <InstanceData>
      <P Name="RTWMemSecFuncInitTerm">Inherit from model</P>
      <P Name="RTWMemSecFuncExecute">Inherit from model</P>
      <P Name="RTWMemSecDataConstants">Inherit from model</P>
      <P Name="RTWMemSecDataInternal">Inherit from model</P>
      <P Name="RTWMemSecDataParameters">Inherit from model</P>
      <P Name="ContentPreviewEnabled">off</P>
      <P Name="constraint">constraint(1)</P>
      <P Name="loc">0  0  0</P>
      <P Name="displacement">0 0 0</P>
      <P Name="y">0 1 0</P>
      <P Name="z">0 0 1</P>
      <P Name="upperLimitSpecify">off</P>
      <P Name="upperLimitBound">0</P>
      <P Name="upperLimitTransitionRegionWidth">0</P>
      <P Name="upperLimitStiffness">0</P>
      <P Name="upperLimitDamping">0</P>
      <P Name="lowerLimitSpecify">off</P>
      <P Name="lowerLimitBound">0</P>
      <P Name="lowerLimitTransitionRegionWidth">0</P>
      <P Name="lowerLimitStiffness">0</P>
      <P Name="lowerLimitDamping">0</P>
    </InstanceData>
  </Block>
  <Block BlockType="Reference" Name="Global Reference Frame" SID="819">
    <PortCounts rconn="1"/>
    <P Name="Position">[80, 804, 385, 836]</P>
    <P Name="ZOrder">456</P>
    <P Name="BackgroundColor">darkGreen</P>
    <P Name="LibraryVersion">2.0</P>
    <P Name="SourceBlock">WECSim_Lib_Frames/Global Reference Frame</P>
    <P Name="SourceType">Frames</P>
    <P Name="SourceProductName">WEC-Sim</P>
    <InstanceData>
      <P Name="RTWMemSecFuncInitTerm">Inherit from model</P>
      <P Name="RTWMemSecFuncExecute">Inherit from model</P>
      <P Name="RTWMemSecDataConstants">Inherit from model</P>
      <P Name="RTWMemSecDataInternal">Inherit from model</P>
      <P Name="RTWMemSecDataParameters">Inherit from model</P>
      <P Name="ContentPreviewEnabled">off</P>
      <P Name="waves">waves</P>
      <P Name="simu">simu</P>
      <P Name="InputMethod">Input File</P>
      <P Name="InputFile">wecSimInputFile.m</P>
      <P Name="mode">normal</P>
      <P Name="explorer">off</P>
      <P Name="solver">ode4</P>
      <P Name="startTime">0</P>
      <P Name="rampTime">100</P>
      <P Name="endTime">400</P>
      <P Name="dt">0.1</P>
      <P Name="cicEndTime">60</P>
      <P Name="stateSpace">0</P>
      <P Name="WaveClass">regular</P>
      <P Name="height">2.5</P>
      <P Name="period">8</P>
      <P Name="elevationFile">NOT DEFINED</P>
      <P Name="spectrumFile">NOT DEFINED</P>
      <P Name="direction">0</P>
      <P Name="spread">1</P>
      <P Name="spectrumType">NOT DEFINED</P>
      <P Name="phaseSeed">0</P>
      <P Name="option">EqualEnergy</P>
    </InstanceData>
  </Block>
  <Block BlockType="Reference" Name="Spar/Plate" SID="818">
    <PortCounts rconn="1"/>
    <P Name="Position">[190, 514, 265, 706]</P>
    <P Name="ZOrder">455</P>
    <P Name="BackgroundColor">yellow</P>
    <P Name="AttributesFormatString">%&lt;body&gt;</P>
    <P Name="LibraryVersion">1.0</P>
    <P Name="SourceBlock">WECSim_Lib_Body_Elements/Rigid Body</P>
    <P Name="SourceType">Rigid Body</P>
    <InstanceData>
      <P Name="RTWMemSecFuncInitTerm">Inherit from model</P>
      <P Name="RTWMemSecFuncExecute">Inherit from model</P>
      <P Name="RTWMemSecDataConstants">Inherit from model</P>
      <P Name="RTWMemSecDataInternal">Inherit from model</P>
      <P Name="RTWMemSecDataParameters">Inherit from model</P>
      <P Name="ContentPreviewEnabled">off</P>
      <P Name="body">body(2)</P>
      <P Name="h5File">hydroData/*.h5</P>
      <P Name="geometryFile">geometry/*.stl</P>
      <P Name="mass">0</P>
      <P Name="inertia">0 0 0</P>
      <P Name="nonHydro">0</P>
      <P Name="nonlinearHydro">0</P>
      <P Name="centerGravity">0 0 0</P>
      <P Name="centerBuoyancy">0 0 0</P>
      <P Name="dof">6</P>
      <P Name="volume">0</P>
      <P Name="displacement">0 0 0</P>
      <P Name="axis">0 1 0</P>
      <P Name="angle">0</P>
      <P Name="option">0</P>
      <P Name="cd">0 0 0</P>
      <P Name="ca">0 0 0</P>
      <P Name="area">0 0 0</P>
      <P Name="VME">0</P>
      <P Name="rgME">0 0 0</P>
      <P Name="z">0 0 1</P>
    </InstanceData>
  </Block>
  <Block BlockType="Reference" Name="Translational PTO" SID="825">
    <PortCounts lconn="1" rconn="1"/>
    <P Name="Position">[215, 460, 235, 480]</P>
    <P Name="ZOrder">536</P>
    <P Name="BlockRotation">270</P>
    <P Name="BlockMirror">on</P>
    <P Name="BackgroundColor">gray</P>
    <P Name="NameLocation">right</P>
    <P Name="AttributesFormatString">%&lt;pto&gt;</P>
    <P Name="LibraryVersion">1.0</P>
    <P Name="SourceBlock">WECSim_Lib_PTOs/Translational PTO</P>
    <P Name="SourceType">PTO</P>
    <P Name="SourceProductName">WEC-Sim</P>
    <InstanceData>
      <P Name="RTWMemSecFuncInitTerm">Inherit from model</P>
      <P Name="RTWMemSecFuncExecute">Inherit from model</P>
      <P Name="RTWMemSecDataConstants">Inherit from model</P>
      <P Name="RTWMemSecDataInternal">Inherit from model</P>
      <P Name="RTWMemSecDataParameters">Inherit from model</P>
      <P Name="ContentPreviewEnabled">off</P>
      <P Name="pto">pto(1)</P>
      <P Name="loc">0  0  0</P>
      <P Name="stiffness">0</P>
      <P Name="damping">0</P>
      <P Name="equilibriumPosition">0</P>
      <P Name="pretension">0</P>
      <P Name="displacement">0 0 0</P>
      <P Name="y">0 1 0</P>
      <P Name="z">0 0 1</P>
      <P Name="upperLimitSpecify">off</P>
      <P Name="upperLimitBound">0</P>
      <P Name="upperLimitTransitionRegionWidth">0</P>
      <P Name="upperLimitStiffness">0</P>
      <P Name="upperLimitDamping">0</P>
      <P Name="lowerLimitSpecify">off</P>
      <P Name="lowerLimitBound">0</P>
      <P Name="lowerLimitTransitionRegionWidth">0</P>
      <P Name="lowerLimitStiffness">0</P>
      <P Name="lowerLimitDamping">0</P>
    </InstanceData>
  </Block>
  <Line LineType="Connection">
    <P Name="ZOrder">34</P>
    <P Name="Src">827#lconn:1</P>
    <P Name="Points">[175, 0]</P>
    <P Name="Dst">819#rconn:1</P>
  </Line>
  <Line LineType="Connection">
    <P Name="ZOrder">19</P>
    <P Name="Points">[279, 610; 1, 0]</P>
    <P Name="Dst">818#rconn:1</P>
    <Branch ConnectType="SRC_DEST">
      <P Name="Src">827#rconn:1</P>
      <P Name="Points">[0, 1; 54, 0; 0, -131]</P>
    </Branch>
    <Branch ConnectType="SRC_DEST">
      <P Name="Src">825#rconn:1</P>
      <P Name="Points">[0, 2; 54, 0; 0, 113]</P>
    </Branch>
  </Line>
  <Line LineType="Connection">
    <P Name="ZOrder">26</P>
    <P Name="Src">825#lconn:1</P>
    <P Name="Points">[0, -22; 105, 0]</P>
    <P Name="Dst">824#rconn:1</P>
  </Line>
</System>
