<?xml version="1.0" encoding="utf-8"?>
<ConfigSet>
  <Object ObjectID="1" ClassName="Simulink.ConfigSet">
    <P Name="ExtraOptions" Class="char"/>
    <P Name="Name" Class="char">Configuration</P>
    <P Name="CurrentDlgPage" Class="char">Data Import//Export</P>
    <P Name="ConfigPrmDlgPosition" Class="double">[406.0, 195.0, 1514.0, 939.0]</P>
    <P Name="Description" Class="char"/>
    <P Name="Version" Class="char">25.0.0</P>
    <Array PropName="Components" Type="Simulink.ConfigComponent" Dimension="10*1">
      <Object ObjectID="2" ClassName="Simulink.SolverCC">
        <P Name="StartTime" Class="char">0</P>
        <P Name="StopTime" Class="char">400</P>
        <P Name="AbsTol" Class="char">auto</P>
        <P Name="AutoScaleAbsTol" Class="char">on</P>
        <P Name="FixedStep" Class="char">0.1</P>
        <P Name="InitialStep" Class="char">auto</P>
        <P Name="MaxOrder" Class="double">5.0</P>
        <P Name="ZcThreshold" Class="char">auto</P>
        <P Name="ConsecutiveZCsStepRelTol" Class="char">10*128*eps</P>
        <P Name="MaxConsecutiveZCs" Class="char">1000</P>
        <P Name="ExtrapolationOrder" Class="double">4.0</P>
        <P Name="NumberNewtonIterations" Class="double">1.0</P>
        <P Name="MaxStep" Class="char">0.1</P>
        <P Name="MinStep" Class="char">auto</P>
        <P Name="MaxConsecutiveMinStep" Class="char">1</P>
        <P Name="RelTol" Class="char">1e-3</P>
        <P Name="EnableMultiTasking" Class="char">on</P>
        <P Name="AllowMultiTaskInputOutput" Class="char">off</P>
        <P Name="ConcurrentTasks" Class="char">off</P>
        <P Name="SolverName" Class="char">ode4</P>
        <P Name="SolverJacobianMethodControl" Class="char">auto</P>
        <P Name="DaesscMode" Class="char">auto</P>
        <P Name="StateRefinementMethod" Class="char">solver-interpolation</P>
        <P Name="ShapePreserveControl" Class="char">DisableAll</P>
        <P Name="ZeroCrossControl" Class="char">DisableAll</P>
        <P Name="ZeroCrossAlgorithm" Class="char">Nonadaptive</P>
        <P Name="AlgebraicLoopSolver" Class="char">LineSearch</P>
        <P Name="SolverInfoToggleStatus" Class="char">off</P>
        <P Name="IsAutoAppliedInSIP" Class="char">off</P>
        <P Name="SolverResetMethod" Class="char">Fast</P>
        <P Name="PositivePriorityOrder" Class="char">off</P>
        <P Name="AutoInsertRateTranBlk" Class="char">on</P>
        <P Name="SampleTimeConstraint" Class="char">Unconstrained</P>
        <P Name="InsertRTBMode" Class="char">Whenever possible</P>
        <P Name="SampleTimeProperty" Class="double">[]</P>
        <P Name="DecoupledContinuousIntegration" Class="char">off</P>
        <P Name="MinimalZcImpactIntegration" Class="char">off</P>
        <P Name="ODENIntegrationMethod" Class="char">ode3</P>
        <P Name="EnableFixedStepZeroCrossing" Class="char">off</P>
        <P Name="MaxZcPerStep" Class="double">2.0</P>
        <P Name="MaxZcBracketingIterations" Class="double">10.0</P>
        <P Name="Description" Class="char"/>
        <P Name="Version" Class="char">25.0.0</P>
        <P Name="Components" Class="double">[]</P>
        <P Name="DisabledProps" Class="double">[]</P>
      </Object>
      <Object ObjectID="3" ClassName="Simulink.DataIOCC">
        <P Name="Decimation" Class="char">1</P>
        <P Name="ExternalInput" Class="char">[t, u]</P>
        <P Name="FinalStateName" Class="char">xFinal</P>
        <P Name="InitialState" Class="char">xInitial</P>
        <P Name="LimitDataPoints" Class="char">off</P>
        <P Name="MaxDataPoints" Class="char">1000</P>
        <P Name="LoadExternalInput" Class="char">off</P>
        <P Name="LoadInitialState" Class="char">off</P>
        <P Name="SaveFinalState" Class="char">off</P>
        <P Name="SaveOperatingPoint" Class="char">off</P>
        <P Name="SaveFormat" Class="char">Array</P>
        <P Name="SignalLoggingSaveFormat" Class="char">Dataset</P>
        <P Name="SaveOutput" Class="char">off</P>
        <P Name="SaveState" Class="char">off</P>
        <P Name="SignalLogging" Class="char">on</P>
        <P Name="DSMLogging" Class="char">on</P>
        <P Name="StreamToWks" Class="char">on</P>
        <P Name="InspectSignalLogs" Class="char">off</P>
        <P Name="VisualizeSimOutput" Class="char">on</P>
        <P Name="StreamToWorkspace" Class="char">off</P>
        <P Name="StreamVariableName" Class="char">streamout</P>
        <P Name="SaveTime" Class="char">off</P>
        <P Name="ReturnWorkspaceOutputs" Class="char">off</P>
        <P Name="StateSaveName" Class="char">xout</P>
        <P Name="TimeSaveName" Class="char">tout</P>
        <P Name="OutputSaveName" Class="char">yout</P>
        <P Name="SignalLoggingName" Class="char">logsout</P>
        <P Name="DSMLoggingName" Class="char">dsmout</P>
        <P Name="OutputOption" Class="char">RefineOutputTimes</P>
        <P Name="OutputTimes" Class="char">[]</P>
        <P Name="ReturnWorkspaceOutputsName" Class="char">out</P>
        <P Name="Refine" Class="char">1</P>
        <P Name="LoggingToFile" Class="char">off</P>
        <P Name="DatasetSignalFormat" Class="char">timeseries</P>
        <P Name="LoggingFileName" Class="char">out.mat</P>
        <P Name="LoggingIntervals" Class="char">[-inf, inf]</P>
        <P Name="Description" Class="char"/>
        <P Name="Version" Class="char">25.0.0</P>
        <P Name="Components" Class="double">[]</P>
        <P Name="DisabledProps" Class="double">[]</P>
      </Object>
      <Object ObjectID="4" ClassName="Simulink.OptimizationCC">
        <P Name="BlockReduction" Class="char">on</P>
        <P Name="BooleanDataType" Class="char">on</P>
        <P Name="ConditionallyExecuteInputs" Class="char">on</P>
        <P Name="DefaultParameterBehavior" Class="char">Tunable</P>
        <P Name="UseDivisionForNetSlopeComputation" Class="char">off</P>
        <P Name="GainParamInheritBuiltInType" Class="char">off</P>
        <P Name="UseFloatMulNetSlope" Class="char">off</P>
        <P Name="InheritOutputTypeSmallerThanSingle" Class="char">off</P>
        <P Name="DefaultUnderspecifiedDataType" Class="char">double</P>
        <P Name="UseSpecifiedMinMax" Class="char">off</P>
        <P Name="InlineInvariantSignals" Class="char">off</P>
        <P Name="FunctionInliningControlUserFunctions" Class="char">Speed</P>
        <P Name="FunctionInliningControlMWFunctions" Class="char">Speed</P>
        <P Name="FunctionInliningControlMWUserFunctions" Class="char">Speed</P>
        <P Name="OptimizeBlockIOStorage" Class="char">on</P>
        <P Name="BufferReuse" Class="char">on</P>
        <P Name="ReuseModelBlockBuffer" Class="char">on</P>
        <P Name="UnifyBufferReuse" Class="char">off</P>
        <P Name="EnhancedBackFolding" Class="char">off</P>
        <P Name="CachingGlobalReferences" Class="char">off</P>
        <P Name="GlobalBufferReuse" Class="char">on</P>
        <P Name="StrengthReduction" Class="char">off</P>
        <P Name="AdvancedOptControl" Class="char"/>
        <P Name="ExpressionFolding" Class="char">on</P>
        <P Name="BooleansAsBitfields" Class="char">off</P>
        <P Name="BitfieldContainerType" Class="char">uint_T</P>
        <P Name="BitwiseOrLogicalOp" Class="char">Same as modeled</P>
        <P Name="EnableMemcpy" Class="char">on</P>
        <P Name="MemcpyThreshold" Class="double">64.0</P>
        <P Name="PassReuseOutputArgsAs" Class="char">Structure reference</P>
        <P Name="PassReuseOutputArgsThreshold" Class="double">12.0</P>
        <P Name="ExpressionDepthLimit" Class="double">128.0</P>
        <P Name="LocalBlockOutputs" Class="char">on</P>
        <P Name="RollThreshold" Class="double">5.0</P>
        <P Name="StateBitsets" Class="char">off</P>
        <P Name="DataBitsets" Class="char">off</P>
        <P Name="ActiveStateOutputEnumStorageType" Class="char">Native Integer</P>
        <P Name="ZeroExternalMemoryAtStartup" Class="char">on</P>
        <P Name="ZeroInternalMemoryAtStartup" Class="char">on</P>
        <P Name="InitFltsAndDblsToZero" Class="char">off</P>
        <P Name="NoFixptDivByZeroProtection" Class="char">off</P>
        <P Name="EfficientFloat2IntCast" Class="char">off</P>
        <P Name="EfficientMapNaN2IntZero" Class="char">on</P>
        <P Name="LifeSpan" Class="char">inf</P>
        <P Name="ClockResolution" Class="char">-1</P>
        <P Name="MaxStackSize" Class="char">Inherit from target</P>
        <P Name="BufferReusableBoundary" Class="char">on</P>
        <P Name="RemoveLocalVariableInitialization" Class="char">on</P>
        <P Name="SimCompilerOptimization" Class="char">on</P>
        <P Name="AccelVerboseBuild" Class="char">off</P>
        <P Name="OptimizeBlockOrder" Class="char">off</P>
        <P Name="OptimizeDataStoreBuffers" Class="char">on</P>
        <P Name="BusAssignmentInplaceUpdate" Class="char">on</P>
        <P Name="DifferentSizesBufferReuse" Class="char">off</P>
        <P Name="UseRowMajorAlgorithm" Class="char">off</P>
        <P Name="OptimizationLevel" Class="char">level2</P>
        <P Name="OptimizationPriority" Class="char">Balanced</P>
        <P Name="OptimizationCustomize" Class="char">on</P>
        <P Name="LabelGuidedReuse" Class="char">off</P>
        <P Name="MultiThreadedLoops" Class="char">off</P>
        <P Name="AutoScheduleForLoops" Class="char">off</P>
        <P Name="DenormalBehavior" Class="char">GradualUnderflow</P>
        <P Name="EfficientTunableParamExpr" Class="char">off</P>
        <P Name="Description" Class="char"/>
        <P Name="Version" Class="char">25.0.0</P>
        <P Name="Components" Class="double">[]</P>
        <Array PropName="DisabledProps" Type="Cell" Dimension="1*10">
          <Cell Class="char">BooleansAsBitfields</Cell>
          <Cell Class="char">PassReuseOutputArgsAs</Cell>
          <Cell Class="char">PassReuseOutputArgsThreshold</Cell>
          <Cell Class="char">ZeroExternalMemoryAtStartup</Cell>
          <Cell Class="char">ZeroInternalMemoryAtStartup</Cell>
          <Cell Class="char">OptimizeModelRefInitCode</Cell>
          <Cell Class="char">NoFixptDivByZeroProtection</Cell>
          <Cell Class="char">UseSpecifiedMinMax</Cell>
          <Cell Class="char">EfficientTunableParamExpr</Cell>
          <Cell Class="char">RemoveLocalVariableInitialization</Cell>
        </Array>
      </Object>
      <Object ObjectID="5" ClassName="Simulink.DebuggingCC">
        <P Name="RTPrefix" Class="char">error</P>
        <P Name="ConsistencyChecking" Class="char">none</P>
        <P Name="ArrayBoundsChecking" Class="char">none</P>
        <P Name="SignalInfNanChecking" Class="char">none</P>
        <P Name="StringTruncationChecking" Class="char">error</P>
        <P Name="SignalRangeChecking" Class="char">none</P>
        <P Name="ReadBeforeWriteMsg" Class="char">UseLocalSettings</P>
        <P Name="WriteAfterWriteMsg" Class="char">UseLocalSettings</P>
        <P Name="WriteAfterReadMsg" Class="char">UseLocalSettings</P>
        <P Name="AlgebraicLoopMsg" Class="char">warning</P>
        <P Name="ArtificialAlgebraicLoopMsg" Class="char">warning</P>
        <P Name="SaveWithDisabledLinksMsg" Class="char">warning</P>
        <P Name="SaveWithParameterizedLinksMsg" Class="char">warning</P>
        <P Name="CheckSSInitialOutputMsg" Class="char">on</P>
        <P Name="UnderspecifiedInitializationDetection" Class="char">Simplified</P>
        <P Name="MergeDetectMultiDrivingBlocksExec" Class="char">none</P>
        <P Name="CheckExecutionContextPreStartOutputMsg" Class="char">off</P>
        <P Name="SignalResolutionControl" Class="char">UseLocalSettings</P>
        <P Name="BlockPriorityViolationMsg" Class="char">warning</P>
        <P Name="MinStepSizeMsg" Class="char">warning</P>
        <P Name="TimeAdjustmentMsg" Class="char">none</P>
        <P Name="MaxConsecutiveZCsMsg" Class="char">error</P>
        <P Name="MaskedZcDiagnostic" Class="char">warning</P>
        <P Name="IgnoredZcDiagnostic" Class="char">warning</P>
        <P Name="SolverPrmCheckMsg" Class="char">warning</P>
        <P Name="InheritedTsInSrcMsg" Class="char">warning</P>
        <P Name="MultiTaskDSMMsg" Class="char">error</P>
        <P Name="MultiTaskCondExecSysMsg" Class="char">error</P>
        <P Name="MultiTaskRateTransMsg" Class="char">error</P>
        <P Name="SingleTaskRateTransMsg" Class="char">none</P>
        <P Name="TasksWithSamePriorityMsg" Class="char">warning</P>
        <P Name="ExportedTasksRateTransMsg" Class="char">none</P>
        <P Name="SigSpecEnsureSampleTimeMsg" Class="char">warning</P>
        <P Name="CheckMatrixSingularityMsg" Class="char">none</P>
        <P Name="IntegerOverflowMsg" Class="char">warning</P>
        <P Name="Int32ToFloatConvMsg" Class="char">warning</P>
        <P Name="ParameterDowncastMsg" Class="char">error</P>
        <P Name="ParameterOverflowMsg" Class="char">error</P>
        <P Name="ParameterUnderflowMsg" Class="char">none</P>
        <P Name="ParameterPrecisionLossMsg" Class="char">warning</P>
        <P Name="ParamSuppressDoubleToSinglePrecisionLossMsg" Class="char">off</P>
        <P Name="ParamPrecisionLossAbsoluteDiffThreshold" Class="char">0.0</P>
        <P Name="ParamPrecisionLossRelativeDiffThreshold" Class="char">0.0</P>
        <P Name="ParamOverflowErrorThreshold" Class="char">OneBit</P>
        <P Name="ParameterTunabilityLossMsg" Class="char">warning</P>
        <P Name="FixptConstUnderflowMsg" Class="char">none</P>
        <P Name="FixptConstOverflowMsg" Class="char">none</P>
        <P Name="FixptConstPrecisionLossMsg" Class="char">none</P>
        <P Name="UnderSpecifiedDataTypeMsg" Class="char">none</P>
        <P Name="UnnecessaryDatatypeConvMsg" Class="char">none</P>
        <P Name="VectorMatrixConversionMsg" Class="char">none</P>
        <P Name="FcnCallInpInsideContextMsg" Class="char">error</P>
        <P Name="SignalLabelMismatchMsg" Class="char">none</P>
        <P Name="UnconnectedInputMsg" Class="char">warning</P>
        <P Name="UnconnectedOutputMsg" Class="char">warning</P>
        <P Name="UnconnectedLineMsg" Class="char">warning</P>
        <P Name="UseOnlyExistingSharedCode" Class="char">error</P>
        <P Name="SFcnCompatibilityMsg" Class="char">none</P>
        <P Name="FrameProcessingCompatibilityMsg" Class="char">error</P>
        <P Name="UniqueDataStoreMsg" Class="char">none</P>
        <P Name="BusObjectLabelMismatch" Class="char">warning</P>
        <P Name="RootOutportRequireBusObject" Class="char">warning</P>
        <P Name="AssertControl" Class="char">UseLocalSettings</P>
        <P Name="AllowSymbolicDim" Class="char">off</P>
        <P Name="RowMajorDimensionSupport" Class="char">off</P>
        <P Name="ModelReferenceMultiInstanceNormalModeStructChecksumCheck" Class="char">error</P>
        <P Name="ModelReferenceVersionMismatchMessage" Class="char">none</P>
        <P Name="ModelReferenceIOMismatchMessage" Class="char">none</P>
        <P Name="UnknownTsInhSupMsg" Class="char">warning</P>
        <P Name="ModelReferenceDataLoggingMessage" Class="char">warning</P>
        <P Name="ModelReferenceNoExplicitFinalValueMsg" Class="char">none</P>
        <P Name="ModelReferenceSymbolNameMessage" Class="char">warning</P>
        <P Name="StateNameClashWarn" Class="char">warning</P>
        <P Name="OperatingPointInterfaceChecksumMismatchMsg" Class="char">warning</P>
        <P Name="OperatingPointContentsChecksumMismatchMsg" Class="char">error</P>
        <P Name="NonCurrentReleaseOperatingPointMsg" Class="char">error</P>
        <P Name="PregeneratedLibrarySubsystemCodeDiagnostic" Class="char">warning</P>
        <P Name="SubsystemReferenceDiagnosticForUnitTest" Class="char">error</P>
        <P Name="MatchCodeGenerationContextForUpdateDiagram" Class="char">none</P>
        <P Name="InitInArrayFormatMsg" Class="char">warning</P>
        <P Name="StrictBusMsg" Class="char">ErrorLevel1</P>
        <P Name="BusNameAdapt" Class="char">WarnAndRepair</P>
        <P Name="NonBusSignalsTreatedAsBus" Class="char">none</P>
        <P Name="SymbolicDimMinMaxWarning" Class="char">warning</P>
        <P Name="LossOfSymbolicDimsSimulationWarning" Class="char">warning</P>
        <P Name="LossOfSymbolicDimsCodeGenerationWarning" Class="char">error</P>
        <P Name="SymbolicDimsDataTypeCodeGenerationDiagnostic" Class="char">error</P>
        <P Name="BlockIODiagnostic" Class="char">none</P>
        <P Name="SFUnusedDataAndEventsDiag" Class="char">warning</P>
        <P Name="SFUnexpectedBacktrackingDiag" Class="char">warning</P>
        <P Name="SFInvalidInputDataAccessInChartInitDiag" Class="char">warning</P>
        <P Name="SFNoUnconditionalDefaultTransitionDiag" Class="char">warning</P>
        <P Name="SFEntryPathToHistoryDiag" Class="char">error</P>
        <P Name="SFTransitionOutsideNaturalParentDiag" Class="char">warning</P>
        <P Name="SFUnreachableExecutionPathDiag" Class="char">warning</P>
        <P Name="SFUndirectedBroadcastEventsDiag" Class="char">warning</P>
        <P Name="SFTransitionActionBeforeConditionDiag" Class="char">warning</P>
        <P Name="SFOutputUsedAsStateInMooreChartDiag" Class="char">error</P>
        <P Name="SFTemporalDelaySmallerThanSampleTimeDiag" Class="char">warning</P>
        <P Name="SFSelfTransitionDiag" Class="char">warning</P>
        <P Name="SFExecutionAtInitializationDiag" Class="char">none</P>
        <P Name="IntegerSaturationMsg" Class="char">warning</P>
        <P Name="AllowedUnitSystems" Class="char">all</P>
        <P Name="UnitsInconsistencyMsg" Class="char">warning</P>
        <P Name="AllowAutomaticUnitConversions" Class="char">on</P>
        <P Name="RCSCRenamedMsg" Class="char">warning</P>
        <P Name="RCSCObservableMsg" Class="char">warning</P>
        <P Name="ForceCombineOutputUpdateInSim" Class="char">off</P>
        <P Name="UnitDatabase" Class="char"/>
        <P Name="UnderSpecifiedDimensionMsg" Class="char">none</P>
        <P Name="DebugExecutionForFMUViaOutOfProcess" Class="char">off</P>
        <P Name="ArithmeticOperatorsInVariantConditions" Class="char">warning</P>
        <P Name="VariantConditionMismatch" Class="char">none</P>
        <P Name="InheritVATfromSVC" Class="char">warning</P>
        <P Name="VariantConfigNotUsedByTopModel" Class="char">warning</P>
        <P Name="ParamWriterValidationControl" Class="char">UseLocalSettings</P>
        <P Name="Description" Class="char"/>
        <P Name="Version" Class="char">25.0.0</P>
        <P Name="Components" Class="double">[]</P>
        <Array PropName="DisabledProps" Type="Cell" Dimension="1*1">
          <Cell Class="char">UseOnlyExistingSharedCode</Cell>
        </Array>
      </Object>
      <Object ObjectID="6" ClassName="Simulink.HardwareCC">
        <P Name="ProdBitPerChar" Class="double">8.0</P>
        <P Name="ProdBitPerShort" Class="double">16.0</P>
        <P Name="ProdBitPerInt" Class="double">32.0</P>
        <P Name="ProdBitPerLong" Class="double">32.0</P>
        <P Name="ProdBitPerLongLong" Class="double">64.0</P>
        <P Name="ProdBitPerFloat" Class="double">32.0</P>
        <P Name="ProdBitPerDouble" Class="double">64.0</P>
        <P Name="ProdBitPerPointer" Class="double">32.0</P>
        <P Name="ProdBitPerSizeT" Class="double">32.0</P>
        <P Name="ProdBitPerPtrDiffT" Class="double">32.0</P>
        <P Name="ProdLargestAtomicInteger" Class="char">Char</P>
        <P Name="ProdLargestAtomicFloat" Class="char">None</P>
        <P Name="ProdIntDivRoundTo" Class="char">Undefined</P>
        <P Name="ProdEndianess" Class="char">Unspecified</P>
        <P Name="ProdWordSize" Class="double">32.0</P>
        <P Name="ProdShiftRightIntArith" Class="char">on</P>
        <P Name="ProdLongLongMode" Class="char">off</P>
        <P Name="ProdHWDeviceType" Class="char">32-bit Generic</P>
        <P Name="TargetBitPerChar" Class="double">8.0</P>
        <P Name="TargetBitPerShort" Class="double">16.0</P>
        <P Name="TargetBitPerInt" Class="double">32.0</P>
        <P Name="TargetBitPerLong" Class="double">32.0</P>
        <P Name="TargetBitPerLongLong" Class="double">64.0</P>
        <P Name="TargetBitPerFloat" Class="double">32.0</P>
        <P Name="TargetBitPerDouble" Class="double">64.0</P>
        <P Name="TargetBitPerPointer" Class="double">32.0</P>
        <P Name="TargetBitPerSizeT" Class="double">32.0</P>
        <P Name="TargetBitPerPtrDiffT" Class="double">32.0</P>
        <P Name="TargetLargestAtomicInteger" Class="char">Char</P>
        <P Name="TargetLargestAtomicFloat" Class="char">None</P>
        <P Name="TargetShiftRightIntArith" Class="char">on</P>
        <P Name="TargetLongLongMode" Class="char">off</P>
        <P Name="TargetIntDivRoundTo" Class="char">Undefined</P>
        <P Name="TargetEndianess" Class="char">Unspecified</P>
        <P Name="TargetWordSize" Class="double">32.0</P>
        <P Name="TargetPreprocMaxBitsSint" Class="double">32.0</P>
        <P Name="TargetPreprocMaxBitsUint" Class="double">32.0</P>
        <P Name="TargetHWDeviceType" Class="char">Specified</P>
        <P Name="TargetUnknown" Class="char">off</P>
        <P Name="ProdEqTarget" Class="char">on</P>
        <P Name="UseEmbeddedCoderFeatures" Class="char">on</P>
        <P Name="UseSimulinkCoderFeatures" Class="char">on</P>
        <P Name="HardwareBoardFeatureSet" Class="char">EmbeddedCoderHSP</P>
        <P Name="Description" Class="char"/>
        <P Name="Version" Class="char">25.0.0</P>
        <P Name="Components" Class="double">[]</P>
        <P Name="DisabledProps" Class="double">[]</P>
      </Object>
      <Object ObjectID="7" ClassName="Simulink.ModelReferenceCC">
        <P Name="UpdateModelReferenceTargets" Class="char">IfOutOfDateOrStructuralChange</P>
        <P Name="EnableRefExpFcnMdlSchedulingChecks" Class="char">on</P>
        <P Name="CheckModelReferenceTargetMessage" Class="char">error</P>
        <P Name="EnableParallelModelReferenceBuilds" Class="char">off</P>
        <P Name="ParallelModelReferenceErrorOnInvalidPool" Class="char">on</P>
        <P Name="ParallelModelReferenceMATLABWorkerInit" Class="char">None</P>
        <P Name="ModelReferenceNumInstancesAllowed" Class="char">Multi</P>
        <P Name="PropagateVarSize" Class="char">Infer from blocks in model</P>
        <P Name="ModelDependencies" Class="char"/>
        <P Name="ModelReferencePassRootInputsByReference" Class="char">on</P>
        <P Name="ModelReferenceMinAlgLoopOccurrences" Class="char">off</P>
        <P Name="PropagateSignalLabelsOutOfModel" Class="char">off</P>
        <P Name="SupportModelReferenceSimTargetCustomCode" Class="char">off</P>
        <P Name="UseModelRefSolver" Class="char">off</P>
        <P Name="Description" Class="char"/>
        <P Name="Version" Class="char">25.0.0</P>
        <P Name="Components" Class="double">[]</P>
        <P Name="DisabledProps" Class="double">[]</P>
      </Object>
      <Object ObjectID="8" ClassName="Simulink.SFSimCC">
        <P Name="SimCustomSourceCode" Class="char"/>
        <P Name="SimCustomHeaderCode" Class="char"/>
        <P Name="SimCustomInitializer" Class="char"/>
        <P Name="SimCustomTerminator" Class="char"/>
        <Array PropName="SimReservedNameArray" Type="Cell" Dimension="0*0"/>
        <P Name="SimUserSources" Class="char"/>
        <P Name="SimUserIncludeDirs" Class="char"/>
        <P Name="SimUserLibraries" Class="char"/>
        <P Name="SimUserDefines" Class="char"/>
        <P Name="SimCustomCompilerFlags" Class="char"/>
        <P Name="SimCustomLinkerFlags" Class="char"/>
        <P Name="SFSimEcho" Class="char">on</P>
        <P Name="SimCtrlC" Class="char">on</P>
        <P Name="SimIntegrity" Class="char">on</P>
        <P Name="SimUseLocalCustomCode" Class="char">off</P>
        <P Name="SimParseCustomCode" Class="char">on</P>
        <P Name="SimAnalyzeCustomCode" Class="char">off</P>
        <P Name="SimDebugExecutionForCustomCode" Class="char">off</P>
        <P Name="SimGenImportedTypeDefs" Class="char">off</P>
        <P Name="ModelFunctionsGlobalVisibility" Class="char">on</P>
        <P Name="CompileTimeRecursionLimit" Class="double">50.0</P>
        <P Name="EnableRuntimeRecursion" Class="char">on</P>
        <P Name="EnableImplicitExpansion" Class="char">on</P>
        <P Name="MATLABDynamicMemAlloc" Class="char">on</P>
        <P Name="MATLABDynamicMemAllocThreshold" Class="double">65536.0</P>
        <P Name="UsePrecompiledLibraries" Class="char">Prefer</P>
        <P Name="LegacyBehaviorForPersistentVarInContinuousTime" Class="char">off</P>
        <P Name="CustomCodeFunctionArrayLayout" Class="double">[]</P>
        <P Name="DefaultCustomCodeFunctionArrayLayout" Class="char">NotSpecified</P>
        <P Name="CustomCodeUndefinedFunction" Class="char">UseInterfaceOnly</P>
        <P Name="CustomCodeGlobalsAsFunctionIO" Class="char">off</P>
        <P Name="DefaultCustomCodeDeterministicFunctions" Class="char">None</P>
        <P Name="CustomCodeDeterministicFunctions" Class="char"/>
        <P Name="SimHardwareAcceleration" Class="char">generic</P>
        <P Name="SimTargetLang" Class="char">C</P>
        <P Name="SimDynamicStringBufferSize" Class="double">256.0</P>
        <P Name="GPUAcceleration" Class="char">off</P>
        <P Name="SimGPUMallocThreshold" Class="double">200.0</P>
        <P Name="SimGPUStackLimitPerThread" Class="double">1024.0</P>
        <P Name="SimGPUErrorChecks" Class="char">off</P>
        <P Name="SimGPUCustomComputeCapability" Class="char"/>
        <P Name="SimGPUCompilerFlags" Class="char"/>
        <P Name="SimDLTargetLibrary" Class="char">none</P>
        <P Name="SimDLAutoTuning" Class="char">on</P>
        <P Name="Description" Class="char"/>
        <P Name="Version" Class="char">25.0.0</P>
        <P Name="Components" Class="double">[]</P>
        <P Name="DisabledProps" Class="double">[]</P>
      </Object>
      <Object ObjectID="9" ClassName="Simulink.RTWCC">
        <P Name="SystemTargetFile" Class="char">grt.tlc</P>
        <P Name="EmbeddedCoderDictionary" Class="char"/>
        <P Name="HardwareBoard" Class="char">None</P>
        <P Name="ShowCustomHardwareApp" Class="char">off</P>
        <P Name="ShowEmbeddedHardwareApp" Class="char">off</P>
        <P Name="TLCOptions" Class="char"/>
        <P Name="GenCodeOnly" Class="char">off</P>
        <P Name="MakeCommand" Class="char">make_rtw</P>
        <P Name="GenerateMakefile" Class="char">on</P>
        <P Name="PackageGeneratedCodeAndArtifacts" Class="char">off</P>
        <P Name="PackageName" Class="char"/>
        <P Name="TemplateMakefile" Class="char">grt_default_tmf</P>
        <P Name="PostCodeGenCommand" Class="char"/>
        <P Name="GenerateReport" Class="char">off</P>
        <P Name="RTWVerbose" Class="char">on</P>
        <P Name="RetainRTWFile" Class="char">off</P>
        <P Name="RTWBuildHooks" Class="double">[]</P>
        <P Name="ProfileTLC" Class="char">off</P>
        <P Name="TLCDebug" Class="char">off</P>
        <P Name="TLCCoverage" Class="char">off</P>
        <P Name="TLCAssert" Class="char">off</P>
        <P Name="BuiltinFFTWCallback" Class="char">off</P>
        <P Name="RTWUseLocalCustomCode" Class="char">off</P>
        <P Name="RTWUseSimCustomCode" Class="char">off</P>
        <P Name="CustomSourceCode" Class="char"/>
        <P Name="CustomHeaderCode" Class="char"/>
        <P Name="CustomInclude" Class="char"/>
        <P Name="CustomSource" Class="char"/>
        <P Name="CustomLibrary" Class="char"/>
        <P Name="CustomDefine" Class="char"/>
        <P Name="CustomBLASCallback" Class="char"/>
        <P Name="CustomLAPACKCallback" Class="char"/>
        <P Name="CustomFFTCallback" Class="char"/>
        <P Name="CustomInitializer" Class="char"/>
        <P Name="CustomTerminator" Class="char"/>
        <P Name="Toolchain" Class="char">Automatically locate an installed toolchain</P>
        <P Name="BuildConfiguration" Class="char">Faster Builds</P>
        <P Name="CustomToolchainOptions" Class="double">[]</P>
        <P Name="IncludeHyperlinkInReport" Class="char">off</P>
        <P Name="LaunchReport" Class="char">off</P>
        <P Name="PortableWordSizes" Class="char">off</P>
        <P Name="CreateSILPILBlock" Class="char">None</P>
        <P Name="CodeExecutionProfiling" Class="char">off</P>
        <P Name="CodeExecutionProfileVariable" Class="char">executionProfile</P>
        <P Name="CodeProfilingSaveOptions" Class="char">SummaryOnly</P>
        <P Name="CodeProfilingInstrumentation" Class="char">off</P>
        <P Name="CodeStackProfiling" Class="char">off</P>
        <P Name="CodeStackProfileVariable" Class="char">stackProfile</P>
        <P Name="SILPILDebugging" Class="char">off</P>
        <P Name="RemoveFixptWordSizeChecks" Class="char">off</P>
        <P Name="DataTypeReplacement" Class="char">CoderTypedefs</P>
        <P Name="CoderTypedefsCompatibility" Class="char">off</P>
        <P Name="TargetLang" Class="char">C</P>
        <P Name="GenerateGPUCode" Class="char">None</P>
        <P Name="HalideCodeGeneration" Class="char">off</P>
        <P Name="IncludeBusHierarchyInRTWFileBlockHierarchyMap" Class="char">off</P>
        <P Name="GenerateTraceInfo" Class="char">off</P>
        <P Name="GenerateTraceReport" Class="char">off</P>
        <P Name="GenerateTraceReportSl" Class="char">off</P>
        <P Name="GenerateTraceReportSf" Class="char">off</P>
        <P Name="GenerateTraceReportEml" Class="char">off</P>
        <P Name="GenerateWebview" Class="char">off</P>
        <P Name="GenerateCodeMetricsReport" Class="char">off</P>
        <P Name="GenerateCodeReplacementReport" Class="char">off</P>
        <P Name="GenerateMissedCodeReplacementReport" Class="char">off</P>
        <P Name="RTWCompilerOptimization" Class="char">off</P>
        <Array PropName="ObjectivePriorities" Type="Cell" Dimension="0*0"/>
        <P Name="RTWCustomCompilerOptimizations" Class="char"/>
        <P Name="CheckMdlBeforeBuild" Class="char">Off</P>
        <P Name="SharedConstantsCachingThreshold" Class="double">1024.0</P>
        <P Name="GPUKernelNamePrefix" Class="char"/>
        <P Name="GPUDeviceID" Class="double">-1.0</P>
        <P Name="GPUMallocMode" Class="char">discrete</P>
        <P Name="GPUMallocThreshold" Class="double">200.0</P>
        <P Name="GPUEnableMemoryManager" Class="char">off</P>
        <P Name="GPUStackLimitPerThread" Class="double">1024.0</P>
        <P Name="GPUcuBLAS" Class="char">on</P>
        <P Name="GPUcuSOLVER" Class="char">on</P>
        <P Name="GPUcuFFT" Class="char">on</P>
        <P Name="GPUErrorChecks" Class="char">off</P>
        <P Name="GPUComputeCapability" Class="char">3.5</P>
        <P Name="GPUCustomComputeCapability" Class="char"/>
        <P Name="GPUCompilerFlags" Class="char"/>
        <P Name="GPUMaximumBlocksPerKernel" Class="double">0.0</P>
        <P Name="DLTargetLibrary" Class="char">none</P>
        <P Name="DLAutoTuning" Class="char">on</P>
        <P Name="DLDataType" Class="char">fp32</P>
        <P Name="DLArmComputeVersion" Class="char">19.05</P>
        <P Name="DLArmComputeArch" Class="char">unspecified</P>
        <P Name="DLLearnablesCompression" Class="char">None</P>
        <P Name="LargeConstantGeneration" Class="char">KeepInSourceFiles</P>
        <P Name="LargeConstantThreshold" Class="double">131072.0</P>
        <P Name="Description" Class="char"/>
        <P Name="Version" Class="char">25.0.0</P>
        <Array PropName="Components" Type="Simulink.ConfigComponent" Dimension="2*1">
          <Object ObjectID="10" ClassName="Simulink.CodeAppCC">
            <P Name="Comment" Class="char"/>
            <P Name="ForceParamTrailComments" Class="char">off</P>
            <P Name="GenerateComments" Class="char">on</P>
            <P Name="CommentStyle" Class="char">Auto</P>
            <P Name="IgnoreCustomStorageClasses" Class="char">on</P>
            <P Name="IgnoreTestpoints" Class="char">off</P>
            <P Name="MaxIdLength" Class="double">31.0</P>
            <P Name="PreserveName" Class="char">off</P>
            <P Name="PreserveNameWithParent" Class="char">off</P>
            <P Name="ShowEliminatedStatement" Class="char">off</P>
            <P Name="OperatorAnnotations" Class="char">off</P>
            <P Name="SimulinkDataObjDesc" Class="char">off</P>
            <P Name="SFDataObjDesc" Class="char">off</P>
            <P Name="MATLABFcnDesc" Class="char">off</P>
            <P Name="MangleLength" Class="double">1.0</P>
            <P Name="SharedChecksumLength" Class="double">8.0</P>
            <P Name="CustomSymbolStrGlobalVar" Class="char">$R$N$M</P>
            <P Name="CustomSymbolStrType" Class="char">$N$R$M_T</P>
            <P Name="CustomSymbolStrField" Class="char">$N$M</P>
            <P Name="CustomSymbolStrFcn" Class="char">$R$N$M$F</P>
            <P Name="CustomSymbolStrModelFcn" Class="char">$R$N</P>
            <P Name="CustomSymbolStrFcnArg" Class="char">rt$I$N$M</P>
            <P Name="CustomSymbolStrBlkIO" Class="char">rtb_$N$M</P>
            <P Name="CustomSymbolStrTmpVar" Class="char">$N$M</P>
            <P Name="CustomSymbolStrMacro" Class="char">$R$N$M</P>
            <P Name="CustomSymbolStrUtil" Class="char">$N$C</P>
            <P Name="CustomSymbolStrEmxType" Class="char">emxArray_$M$N</P>
            <P Name="CustomSymbolStrEmxFcn" Class="char">emx$M$N</P>
            <P Name="CustomUserTokenString" Class="char"/>
            <P Name="CustomCommentsFcn" Class="char"/>
            <P Name="DefineNamingRule" Class="char">None</P>
            <P Name="DefineNamingFcn" Class="char"/>
            <P Name="ParamNamingRule" Class="char">None</P>
            <P Name="ParamNamingFcn" Class="char"/>
            <P Name="SignalNamingRule" Class="char">None</P>
            <P Name="SignalNamingFcn" Class="char"/>
            <P Name="InsertBlockDesc" Class="char">off</P>
            <P Name="AnnotationsInComments" Class="char">off</P>
            <P Name="InsertPolySpaceComments" Class="char">off</P>
            <P Name="SimulinkBlockComments" Class="char">on</P>
            <P Name="BlockCommentType" Class="char">BlockPathComment</P>
            <P Name="StateflowObjectComments" Class="char">on</P>
            <P Name="MATLABSourceComments" Class="char">off</P>
            <P Name="EnableCustomComments" Class="char">off</P>
            <P Name="InternalIdentifierFile" Class="char"/>
            <P Name="InternalIdentifier" Class="char">Shortened</P>
            <P Name="InlinedPrmAccess" Class="char">Literals</P>
            <P Name="ReqsInCode" Class="char">off</P>
            <P Name="UseSimReservedNames" Class="char">off</P>
            <Array PropName="ReservedNameArray" Type="Cell" Dimension="0*0"/>
            <P Name="EnumMemberNameClash" Class="char">error</P>
            <P Name="Description" Class="char"/>
            <P Name="Version" Class="char">25.0.0</P>
            <P Name="Components" Class="double">[]</P>
            <Array PropName="DisabledProps" Type="Cell" Dimension="1*29">
              <Cell Class="char">IgnoreCustomStorageClasses</Cell>
              <Cell Class="char">IgnoreTestpoints</Cell>
              <Cell Class="char">InsertBlockDesc</Cell>
              <Cell Class="char">InsertPolySpaceComments</Cell>
              <Cell Class="char">SFDataObjDesc</Cell>
              <Cell Class="char">MATLABFcnDesc</Cell>
              <Cell Class="char">SimulinkDataObjDesc</Cell>
              <Cell Class="char">DefineNamingRule</Cell>
              <Cell Class="char">SignalNamingRule</Cell>
              <Cell Class="char">ParamNamingRule</Cell>
              <Cell Class="char">InternalIdentifier</Cell>
              <Cell Class="char">InlinedPrmAccess</Cell>
              <Cell Class="char">CustomSymbolStr</Cell>
              <Cell Class="char">CustomSymbolStrGlobalVar</Cell>
              <Cell Class="char">CustomSymbolStrType</Cell>
              <Cell Class="char">CustomSymbolStrField</Cell>
              <Cell Class="char">CustomSymbolStrFcn</Cell>
              <Cell Class="char">CustomSymbolStrFcnArg</Cell>
              <Cell Class="char">CustomSymbolStrBlkIO</Cell>
              <Cell Class="char">CustomSymbolStrTmpVar</Cell>
              <Cell Class="char">CustomSymbolStrMacro</Cell>
              <Cell Class="char">ReqsInCode</Cell>
              <Cell Class="char">CustomSymbolStrModelFcn</Cell>
              <Cell Class="char">CustomSymbolStrUtil</Cell>
              <Cell Class="char">CustomSymbolStrEmxType</Cell>
              <Cell Class="char">CustomSymbolStrEmxFcn</Cell>
              <Cell Class="char">CustomUserTokenString</Cell>
              <Cell Class="char">BlockCommentType</Cell>
              <Cell Class="char">AnnotationsInComments</Cell>
            </Array>
          </Object>
          <Object ObjectID="11" ClassName="Simulink.GRTTargetCC">
            <P Name="UseMalloc" Class="char">off</P>
            <P Name="ExtMode" Class="char">off</P>
            <P Name="ExtModeStaticAlloc" Class="char">off</P>
            <P Name="ExtModeTesting" Class="char">off</P>
            <P Name="ExtModeAutomaticAllocSize" Class="char">on</P>
            <P Name="ExtModeMaxTrigDuration" Class="double">10.0</P>
            <P Name="ExtModeStaticAllocSize" Class="double">1000000.0</P>
            <P Name="ExtModeTransport" Class="double">0.0</P>
            <P Name="ExtModeMexFile" Class="char">ext_comm</P>
            <P Name="ExtModeMexArgs" Class="char"/>
            <P Name="ExtModeIntrfLevel" Class="char">Level1</P>
            <P Name="RTWCAPISignals" Class="char">off</P>
            <P Name="RTWCAPIParams" Class="char">off</P>
            <P Name="RTWCAPIStates" Class="char">off</P>
            <P Name="RTWCAPIRootIO" Class="char">off</P>
            <P Name="MultiInstanceErrorCode" Class="char">Error</P>
            <P Name="TargetFcnLib" Class="char">ansi_tfl_table_tmw.mat</P>
            <P Name="TargetLibSuffix" Class="char"/>
            <P Name="TargetPreCompLibLocation" Class="char"/>
            <P Name="GenFloatMathFcnCalls" Class="char">NOT IN USE</P>
            <P Name="TargetLangStandard" Class="char">C89/C90 (ANSI)</P>
            <P Name="CodeReplacementLibrary" Class="char">None</P>
            <P Name="UtilityFuncGeneration" Class="char">Auto</P>
            <P Name="MultiwordTypeDef" Class="char">System defined</P>
            <P Name="MultiwordLength" Class="double">2048.0</P>
            <P Name="DynamicStringBufferSize" Class="double">256.0</P>
            <P Name="GenerateFullHeader" Class="char">on</P>
            <P Name="InferredTypesCompatibility" Class="char">off</P>
            <P Name="ExistingSharedCode" Class="char"/>
            <P Name="GenerateSampleERTMain" Class="char">off</P>
            <P Name="GenerateTestInterfaces" Class="char">off</P>
            <P Name="ModelReferenceCompliant" Class="char">on</P>
            <P Name="ParMdlRefBuildCompliant" Class="char">on</P>
            <P Name="CompOptLevelCompliant" Class="char">on</P>
            <P Name="ConcurrentExecutionCompliant" Class="char">on</P>
            <P Name="IncludeMdlTerminateFcn" Class="char">on</P>
            <P Name="CombineOutputUpdateFcns" Class="char">on</P>
            <P Name="CombineSignalStateStructs" Class="char">off</P>
            <P Name="GroupInternalDataByFunction" Class="char">off</P>
            <P Name="SuppressErrorStatus" Class="char">off</P>
            <P Name="IncludeFileDelimiter" Class="char">Auto</P>
            <P Name="ERTCustomFileBanners" Class="char">off</P>
            <P Name="SupportAbsoluteTime" Class="char">on</P>
            <P Name="LogVarNameModifier" Class="char">rt_</P>
            <P Name="MatFileLogging" Class="char">on</P>
            <P Name="PreserveMATLABNamespacesInGeneratedCode" Class="char">on</P>
            <P Name="CodeInterfacePackaging" Class="char">Nonreusable function</P>
            <P Name="SubcomponentCodeInterfacePackaging" Class="char">Reusable function</P>
            <P Name="PurelyIntegerCode" Class="char">off</P>
            <P Name="SupportNonFinite" Class="char">on</P>
            <P Name="SupportComplex" Class="char">on</P>
            <P Name="SupportContinuousTime" Class="char">on</P>
            <P Name="SupportNonInlinedSFcns" Class="char">on</P>
            <P Name="RemoveDisableFunc" Class="char">off</P>
            <P Name="RemoveResetFunc" Class="char">off</P>
            <P Name="SupportVariableSizeSignals" Class="char">off</P>
            <P Name="ParenthesesLevel" Class="char">Nominal</P>
            <P Name="CastingMode" Class="char">Nominal</P>
            <P Name="MATLABClassNameForMDSCustomization" Class="char">Simulink.SoftwareTarget.GRTCustomization</P>
            <P Name="ModelStepFunctionPrototypeControlCompliant" Class="char">off</P>
            <P Name="CPPClassGenCompliant" Class="char">on</P>
            <P Name="AutosarCompliant" Class="char">off</P>
            <P Name="MDXCompliant" Class="char">off</P>
            <P Name="GRTInterface" Class="char">off</P>
            <P Name="GenerateAllocFcn" Class="char">off</P>
            <P Name="UseToolchainInfoCompliant" Class="char">on</P>
            <P Name="GenerateSharedConstants" Class="char">on</P>
            <P Name="CoderGroups" Class="double">[]</P>
            <P Name="AccessMethods" Class="double">[]</P>
            <P Name="LookupTableObjectStructAxisOrder" Class="char">1,2,3,4,...</P>
            <P Name="LUTObjectStructOrderExplicitValues" Class="char">Size,Breakpoints,Table</P>
            <P Name="LUTObjectStructOrderEvenSpacing" Class="char">Size,Breakpoints,Table</P>
            <P Name="ArrayLayout" Class="char">Column-major</P>
            <P Name="UnsupportedSFcnMsg" Class="char">error</P>
            <P Name="ERTHeaderFileRootName" Class="char">$R$E</P>
            <P Name="ERTSourceFileRootName" Class="char">$R$E</P>
            <P Name="ERTDataFileRootName" Class="char">$R_data</P>
            <Array PropName="InstructionSetExtensions" Type="Cell" Dimension="1*1">
              <Cell Class="char">None</Cell>
            </Array>
            <P Name="InstructionSetFMA" Class="char">off</P>
            <P Name="OptimizeReductions" Class="char">off</P>
            <P Name="HeaderGuardPrefix" Class="char"/>
            <P Name="LogToMDFFile" Class="char">off</P>
            <P Name="Description" Class="char"/>
            <P Name="Version" Class="char">25.0.0</P>
            <P Name="Components" Class="double">[]</P>
            <Array PropName="DisabledProps" Type="Cell" Dimension="1*21">
              <Cell Class="char">GeneratePreprocessorConditionals</Cell>
              <Cell Class="char">IncludeMdlTerminateFcn</Cell>
              <Cell Class="char">SupportNonInlinedSFcns</Cell>
              <Cell Class="char">SuppressErrorStatus</Cell>
              <Cell Class="char">ERTCustomFileBanners</Cell>
              <Cell Class="char">GenerateSampleERTMain</Cell>
              <Cell Class="char">GenerateTestInterfaces</Cell>
              <Cell Class="char">ModelStepFunctionPrototypeControlCompliant</Cell>
              <Cell Class="char">CPPClassGenCompliant</Cell>
              <Cell Class="char">GenerateAllocFcn</Cell>
              <Cell Class="char">PurelyIntegerCode</Cell>
              <Cell Class="char">SupportComplex</Cell>
              <Cell Class="char">SupportAbsoluteTime</Cell>
              <Cell Class="char">SupportContinuousTime</Cell>
              <Cell Class="char">ExistingSharedCode</Cell>
              <Cell Class="char">RemoveDisableFunc</Cell>
              <Cell Class="char">RemoveResetFunc</Cell>
              <Cell Class="char">PreserveStateflowLocalDataDimensions</Cell>
              <Cell Class="char">ParenthesesLevel</Cell>
              <Cell Class="char">ERTMultiwordTypeDef</Cell>
              <Cell Class="char">MultiwordTypeDef</Cell>
            </Array>
          </Object>
        </Array>
        <Array PropName="DisabledProps" Type="Cell" Dimension="1*18">
          <Cell Class="char">IncludeHyperlinkInReport</Cell>
          <Cell Class="char">GenerateTraceInfo</Cell>
          <Cell Class="char">GenerateTraceReport</Cell>
          <Cell Class="char">GenerateTraceReportSl</Cell>
          <Cell Class="char">GenerateTraceReportSf</Cell>
          <Cell Class="char">GenerateTraceReportEml</Cell>
          <Cell Class="char">PortableWordSizes</Cell>
          <Cell Class="char">GenerateWebview</Cell>
          <Cell Class="char">GenerateCodeMetricsReport</Cell>
          <Cell Class="char">GenerateCodeReplacementReport</Cell>
          <Cell Class="char">GenerateErtSFunction</Cell>
          <Cell Class="char">CreateSILPILBlock</Cell>
          <Cell Class="char">CodeProfilingInstrumentation</Cell>
          <Cell Class="char">GenerateMissedCodeReplacementReport</Cell>
          <Cell Class="char">DataTypeReplacement</Cell>
          <Cell Class="char">HalideCodeGeneration</Cell>
          <Cell Class="char">CodeStackProfiling</Cell>
          <Cell Class="char">EmbeddedCoderDictionary</Cell>
        </Array>
      </Object>
      <Object ObjectID="12" ClassName="SlCovCC.ConfigComp">
        <P Name="CovEnable" Class="char">off</P>
        <P Name="CovScope" Class="char">EntireSystem</P>
        <P Name="CovIncludeTopModel" Class="char">on</P>
        <P Name="RecordCoverage" Class="char">off</P>
        <P Name="CovPath" Class="char">/</P>
        <P Name="CovSaveName" Class="char">covdata</P>
        <P Name="CovCompData" Class="char"/>
        <P Name="CovMetricSettings" Class="char">dw</P>
        <P Name="CovFilter" Class="char"/>
        <P Name="CovHTMLOptions" Class="char"/>
        <P Name="CovNameIncrementing" Class="char">off</P>
        <P Name="CovForceBlockReductionOff" Class="char">on</P>
        <P Name="CovEnableCumulative" Class="char">on</P>
        <P Name="CovSaveCumulativeToWorkspaceVar" Class="char">on</P>
        <P Name="CovSaveSingleToWorkspaceVar" Class="char">on</P>
        <P Name="CovCumulativeVarName" Class="char">covCumulativeData</P>
        <P Name="CovCumulativeReport" Class="char">off</P>
        <P Name="CovSaveOutputData" Class="char">on</P>
        <P Name="CovOutputDir" Class="char">slcov_output/$ModelName$</P>
        <P Name="CovDataFileName" Class="char">$ModelName$_cvdata</P>
        <P Name="CovReportOnPause" Class="char">on</P>
        <P Name="CovModelRefEnable" Class="char">off</P>
        <P Name="CovModelRefExcluded" Class="char"/>
        <P Name="CovExternalEMLEnable" Class="char">off</P>
        <P Name="CovSFcnEnable" Class="char">off</P>
        <P Name="CovBoundaryAbsTol" Class="double">1.0e-5</P>
        <P Name="CovBoundaryRelTol" Class="double">0.01</P>
        <P Name="CovUseTimeInterval" Class="char">off</P>
        <P Name="CovStartTime" Class="double">0.0</P>
        <P Name="CovStopTime" Class="double">0.0</P>
        <P Name="CovMcdcMode" Class="char">Masking</P>
        <P Name="CovExcludeInactiveVariants" Class="char">off</P>
        <P Name="Description" Class="char">Simulink Coverage Configuration Component</P>
        <P Name="Version" Class="char">25.0.0</P>
        <P Name="Components" Class="double">[]</P>
        <P Name="DisabledProps" Class="double">[]</P>
      </Object>
      <Object ObjectID="13" ClassName="SSC.SimscapeCC">
        <P Name="EditingMode" Class="char">Full</P>
        <P Name="ExplicitSolverDiagnosticOptions" Class="char">warning</P>
        <P Name="GlobalZcOffDiagnosticOptions" Class="char">warning</P>
        <P Name="SimscapeNormalizeSystem" Class="char">off</P>
        <P Name="SimscapeNominalValues" Class="char">[{&quot;value&quot;:&quot;1&quot;,&quot;unit&quot;:&quot;A&quot;},{&quot;value&quot;:&quot;1&quot;,&quot;unit&quot;:&quot;bar&quot;},{&quot;value&quot;:&quot;1&quot;,&quot;unit&quot;:&quot;cm^2&quot;},{&quot;value&quot;:&quot;1&quot;,&quot;unit&quot;:&quot;cm^3/s&quot;},{&quot;value&quot;:&quot;1&quot;,&quot;unit&quot;:&quot;kJ/kg&quot;},{&quot;value&quot;:&quot;1&quot;,&quot;unit&quot;:&quot;kW&quot;},{&quot;value&quot;:&quot;1&quot;,&quot;unit&quot;:&quot;l&quot;},{&quot;value&quot;:&quot;1&quot;,&quot;unit&quot;:&quot;N&quot;},{&quot;value&quot;:&quot;1&quot;,&quot;unit&quot;:&quot;N*m&quot;},{&quot;value&quot;:&quot;1&quot;,&quot;unit&quot;:&quot;V&quot;}]</P>
        <P Name="SimscapeLogType" Class="char">none</P>
        <P Name="SimscapeLogSimulationStatistics" Class="char">off</P>
        <P Name="SimscapeLogToSDI" Class="char">off</P>
        <P Name="SimscapeLogOpenViewer" Class="char">off</P>
        <P Name="SimscapeLogName" Class="char">simlog</P>
        <P Name="SimscapeLogDecimation" Class="double">1.0</P>
        <P Name="SimscapeLogLimitData" Class="char">on</P>
        <P Name="SimscapeLogDataHistory" Class="double">5000.0</P>
        <P Name="SimscapeUseOperatingPoints" Class="char">off</P>
        <P Name="SimscapeOperatingPoint" Class="char"/>
        <P Name="SimscapeCompileComponentReuse" Class="char">off</P>
        <P Name="SimscapeCacheCompileArtifacts" Class="char">on</P>
        <P Name="SimscapeCompileArtifactsDiskCache" Class="char">off</P>
        <P Name="SimscapeMultithreadedCompilation" Class="char">on</P>
        <P Name="SelectedTab" Class="char"/>
        <P Name="Description" Class="char"/>
        <P Name="Version" Class="char">25.0.0</P>
        <Array PropName="Components" Type="Simulink.CustomCC" Dimension="2*1">
          <Object ObjectID="14" ClassName="simmechanics.ConfigurationSet">
            <P Name="Description" Class="char">SimMechanics 2G</P>
            <P Name="Version" Class="char">25.0.0</P>
            <Array PropName="Components" Type="Simulink.CustomCC" Dimension="2*1">
              <Object ObjectID="15" ClassName="simmechanics.DiagnosticsConfigSet">
                <P Name="SimMechanicsInvalidVisualProperty" Class="char">warning</P>
                <P Name="SimMechanicsCrossSectionNullEdge" Class="char">warning</P>
                <P Name="SimMechanicsUnconnectedFramePorts" Class="char">warning</P>
                <P Name="SimMechanicsUnconnectedGeometryPorts" Class="char">warning</P>
                <P Name="SimMechanicsRedundantBlock" Class="char">warning</P>
                <P Name="SimMechanicsConflictingReferenceFrames" Class="char">warning</P>
                <P Name="SimMechanicsRigidlyBoundBlock" Class="char">error</P>
                <P Name="SimMechanicsUnsatisfiedHighPriorityTargets" Class="char">warning</P>
                <P Name="SimMechanicsJointTargetOverSpecification" Class="char">error</P>
                <P Name="Description" Class="char">Diagnostics</P>
                <P Name="Version" Class="char">25.0.0</P>
                <P Name="Components" Class="double">[]</P>
                <P Name="DisabledProps" Class="double">[]</P>
              </Object>
              <Object ObjectID="16" ClassName="simmechanics.ExplorerConfigSet">
                <P Name="SimMechanicsOpenEditorOnUpdate" Class="char">off</P>
                <P Name="InternalSimMechanicsExplorerSettings" Class="char">&lt;ExplorerConfiguration&gt;&lt;canonicalview&gt;default&lt;/canonicalview&gt;&lt;TilePanel&gt;&lt;TileInfo&gt;&lt;Tiles Columns=&quot;1&quot; Count=&quot;1&quot; Rows=&quot;1&quot;&gt;&lt;Column Left=&quot;2&quot; Weight=&quot;1&quot;/&gt;&lt;Column Left=&quot;1335&quot;/&gt;&lt;Row Top=&quot;2&quot; Weight=&quot;1&quot;/&gt;&lt;Row Top=&quot;911&quot;/&gt;&lt;Tile Height=&quot;1&quot; Width=&quot;1&quot; X=&quot;0&quot; Y=&quot;0&quot;/&gt;&lt;/Tiles&gt;&lt;/TileInfo&gt;&lt;SceneInfo&gt;&lt;SceneViewer&gt;&lt;BGColor&gt;&lt;R&gt;0.60000002384185791&lt;/R&gt;&lt;G&gt;0.60000002384185791&lt;/G&gt;&lt;B&gt;0.60000002384185791&lt;/B&gt;&lt;/BGColor&gt;&lt;Camera&gt;&lt;Position&gt;&lt;X&gt;365.37645888990272&lt;/X&gt;&lt;Y&gt;-369.82486814446582&lt;/Y&gt;&lt;Z&gt;359.64809521743916&lt;/Z&gt;&lt;/Position&gt;&lt;Center&gt;&lt;X&gt;-6.7351450971904585&lt;/X&gt;&lt;Y&gt;2.2867358426280204&lt;/Y&gt;&lt;Z&gt;-12.463508769654169&lt;/Z&gt;&lt;/Center&gt;&lt;Up&gt;&lt;X&gt;-0.40824829046386307&lt;/X&gt;&lt;Y&gt;0.40824829046386307&lt;/Y&gt;&lt;Z&gt;0.81649658092772615&lt;/Z&gt;&lt;/Up&gt;&lt;Left&gt;-57.820127362122818&lt;/Left&gt;&lt;Right&gt;57.820127362122818&lt;/Right&gt;&lt;Bottom&gt;-38.308817187253304&lt;/Bottom&gt;&lt;Top&gt;38.308817187253304&lt;/Top&gt;&lt;/Camera&gt;&lt;/SceneViewer&gt;&lt;/SceneInfo&gt;&lt;/TilePanel&gt;&lt;/ExplorerConfiguration&gt;</P>
                <P Name="InternalSimMechanicsSavePlaybackData" Class="char">none</P>
                <P Name="InternalSimMechanicsSavePlaybackDataVariable" Class="char">smplaybacklog</P>
                <P Name="InternalSimMechanicsPlaybackDataRate" Class="char">30</P>
                <P Name="Description" Class="char">Explorer</P>
                <P Name="Version" Class="char">25.0.0</P>
                <P Name="Components" Class="double">[]</P>
                <P Name="DisabledProps" Class="double">[]</P>
              </Object>
            </Array>
            <P Name="DisabledProps" Class="double">[]</P>
          </Object>
          <Object ObjectID="17" ClassName="MECH.SimMechanicsCC">
            <P Name="Description" Class="char"/>
            <P Name="Version" Class="char">25.0.0</P>
            <P Name="Components" Class="double">[]</P>
            <P Name="DisabledProps" Class="double">[]</P>
          </Object>
        </Array>
        <Array PropName="DisabledProps" Type="Cell" Dimension="1*1">
          <Cell Class="char">Name</Cell>
        </Array>
      </Object>
    </Array>
    <P Name="DisabledProps" Class="double">[]</P>
  </Object>
</ConfigSet>
