{
    "GraphicalInterface":{
        "ExternalFileReferences":[
            {
                "Path":"$bdroot\/Float",
                "Reference":"WECSim_Lib_Body_Elements\/Rigid Body",
                "SID":"824",
                "Type":"LIBRARY_BLOCK"
            },
            {
                "Path":"$bdroot\/Floating (3DOF)",
                "Reference":"WECSim_Lib_Constraints\/Floating (3DOF)",
                "SID":"827",
                "Type":"LIBRARY_BLOCK"
            },
            {
                "Path":"$bdroot\/Global Reference Frame",
                "Reference":"WECSim_Lib_Frames\/Global Reference Frame",
                "SID":"819",
                "Type":"LIBRARY_BLOCK"
            },
            {
                "Path":"$bdroot\/Spar\/\/Plate",
                "Reference":"WECSim_Lib_Body_Elements\/Rigid Body",
                "SID":"818",
                "Type":"LIBRARY_BLOCK"
            },
            {
                "Path":"$bdroot\/Translational PTO",
                "Reference":"WECSim_Lib_PTOs\/Translational PTO",
                "SID":"825",
                "Type":"LIBRARY_BLOCK"
            }
        ],
        "PreCompExecutionDomainType":"Unset",
        "SimulinkSubDomainType":"Simulink",
        "SolverName":"ode4"
    }
}