<?xml version="1.0" encoding="UTF-8"?>
<sltp_editor version="1.1" packageUris="http://schema.mathworks.com/mf0/DiagramEditor/R2019a_20181107 http://schema.mathworks.com/mf0/SltpSyntax/R2025a_202406271400">
  <sltp.mm.syntax.Context type="sltp.mm.syntax.Context" uuid="7bb107d0-955d-439f-9694-a04d5e3220f2">
    <rootGraph type="sltp.mm.syntax.Graph" uuid="fcb61a36-0550-443b-a995-c56751bab95c">
      <children type="sltp.mm.syntax.Node" uuid="6e8b1893-77c1-4e8e-848b-da71a152e60e">
        <priority>40</priority>
        <rates type="sltp.mm.syntax.RateData">
          <color>#000000</color>
          <hasBlocks>true</hasBlocks>
          <rate>0</rate>
          <title>Cont</title>
        </rates>
        <rates type="sltp.mm.syntax.RateData">
          <color>#e60000</color>
          <hasBlocks>true</hasBlocks>
          <rate>0.1</rate>
          <title>D1</title>
        </rates>
        <title>Cont</title>
        <type>base</type>
        <diagramElement type="diagram.editor.model.Entity" uuid="da720410-afaf-4164-a8ab-6b5ce8260656"/>
        <subgraph type="sltp.mm.syntax.Graph" uuid="b37754a8-9e3d-4128-9e97-0b88bf343fcd">
          <title>Cont</title>
          <diagramElement type="diagram.editor.model.Diagram" uuid="ab81dfb2-b883-44fc-a1d7-b32ed879b664"/>
        </subgraph>
      </children>
      <title>Default</title>
      <diagramElement type="diagram.editor.model.Diagram" uuid="8bef8939-7308-4c1f-bd92-cb8d064a5f31"/>
    </rootGraph>
  </sltp.mm.syntax.Context>
  <diagram.editor.model.Diagram type="diagram.editor.model.Diagram" uuid="8bef8939-7308-4c1f-bd92-cb8d064a5f31">
    <entities type="diagram.editor.model.Entity" uuid="da720410-afaf-4164-a8ab-6b5ce8260656">
      <position>0,0</position>
      <size>0,0,100,100</size>
      <syntaxElement type="sltp.mm.syntax.Node" uuid="6e8b1893-77c1-4e8e-848b-da71a152e60e"/>
      <title>Cont</title>
      <type>base</type>
      <subDiagram type="diagram.editor.model.Diagram" uuid="ab81dfb2-b883-44fc-a1d7-b32ed879b664">
        <position>0,0</position>
        <size>0,0,0,0</size>
        <syntaxElement type="sltp.mm.syntax.Graph" uuid="b37754a8-9e3d-4128-9e97-0b88bf343fcd"/>
        <title>Cont</title>
        <type>graph.Graph</type>
      </subDiagram>
    </entities>
    <position>0,0</position>
    <size>0,0,0,0</size>
    <syntaxElement type="sltp.mm.syntax.Graph" uuid="fcb61a36-0550-443b-a995-c56751bab95c"/>
    <title>Default</title>
    <type>graph.Graph</type>
  </diagram.editor.model.Diagram>
</sltp_editor>