<?xml version="1.0" encoding="UTF-8"?>
<sltp_graph version="1.1" packageUris="http://schema.mathworks.com/mf0/sltp_mm/R2025a_202406271200">
  <sltp.mm.core.Context type="sltp.mm.core.Context" uuid="de6725e7-f0a1-41cb-b6ee-2a528d3cb1d7">
    <priorityDirection>HighNumberLast</priorityDirection>
    <defaultBarrierBehavior type="sltp.mm.core.BarrierBehavior" uuid="3f73887e-7762-40e3-aa9e-242738c02572"/>
    <defaultEventBehavior type="sltp.mm.core.EventBehavior" uuid="d2d3b253-386e-4e52-9e04-1b0a9ddcdcc2"/>
    <editorState type="sltp.mm.core.EditorState" uuid="bf9217e2-6079-4444-b599-1fad3afcf27b">
      <isSynchronized>true</isSynchronized>
      <panelState type="sltp.mm.core.EditorPanelState" uuid="5eb992da-b6bc-4a55-9379-6341ea5b088c"/>
    </editorState>
    <rootTask type="sltp.mm.core.Task" uuid="6f867892-523c-4105-842c-daa6f3d28ae8">
      <context type="sltp.mm.core.Context" uuid="de6725e7-f0a1-41cb-b6ee-2a528d3cb1d7"/>
      <explicit>false</explicit>
      <name>Default</name>
      <priority>-2147483648</priority>
      <subgraph type="sltp.mm.core.Graph" uuid="0a514fed-b857-4536-b0f2-d682b8db49f5">
        <tasks type="sltp.mm.core.Task" uuid="6eaf01a6-8e70-4f1b-9828-6478d898d1e8">
          <baseTask>true</baseTask>
          <context type="sltp.mm.core.Context" uuid="de6725e7-f0a1-41cb-b6ee-2a528d3cb1d7"/>
          <explicit>false</explicit>
          <id>1</id>
          <isTimed>true</isTimed>
          <name>Cont</name>
          <priority>40</priority>
          <rates type="sltp.mm.core.Rate" uuid="14c687a3-68ea-4fe4-87b7-ce7dad2825f5">
            <annotation>Cont</annotation>
            <color>255</color>
            <hasBlocks>true</hasBlocks>
            <rateSpec type="sltp.mm.core.RateSpec">
              <period>0.0</period>
            </rateSpec>
            <sti>0</sti>
          </rates>
          <rates type="sltp.mm.core.Rate" uuid="b130cf88-f471-49f5-ab67-2a969c27b305">
            <annotation>D1</annotation>
            <color>-436207361</color>
            <hasBlocks>true</hasBlocks>
            <rateSpec type="sltp.mm.core.RateSpec">
              <period>.1</period>
            </rateSpec>
            <sti>1</sti>
          </rates>
        </tasks>
      </subgraph>
    </rootTask>
  </sltp.mm.core.Context>
</sltp_graph>